{
  "locations": [
    {"name": "Surfers Paradise", "slug": "surfers-paradise"},
    {"name": "Broadbeach", "slug": "broadbeach"},
    {"name": "Burleigh Heads", "slug": "burleigh-heads"},
    {"name": "Southport", "slug": "southport"},
    {"name": "Mermaid Beach", "slug": "mermaid-beach"},
    {"name": "Robina", "slug": "robina"},
    {"name": "Coolangatta", "slug": "coolangatta"},
    {"name": "Palm Beach", "slug": "palm-beach"},
    {"name": "Currumbin", "slug": "currumbin"},
    {"name": "Miami", "slug": "miami"},
    {"name": "Bundall", "slug": "bundall"},
    {"name": "Main Beach", "slug": "main-beach"},
    {"name": "Varsity Lakes", "slug": "varsity-lakes"},
    {"name": "Nerang", "slug": "nerang"},
    {"name": "Coomera", "slug": "coomera"},
    {"name": "Hope Island", "slug": "hope-island"},
    {"name": "Helensvale", "slug": "helensvale"},
    {"name": "Labrador", "slug": "labrador"},
    {"name": "Biggera Waters", "slug": "biggera-waters"},
    {"name": "Runaway Bay", "slug": "runaway-bay"},
    {"name": "Arundel", "slug": "arundel"},
    {"name": "Ashmore", "slug": "ashmore"},
    {"name": "Benowa", "slug": "benowa"},
    {"name": "Broadbeach Waters", "slug": "broadbeach-waters"},
    {"name": "Clear Island Waters", "slug": "clear-island-waters"},
    {"name": "Mermaid Waters", "slug": "mermaid-waters"},
    {"name": "Mudgeeraba", "slug": "mudgeeraba"},
    {"name": "Reedy Creek", "slug": "reedy-creek"},
    {"name": "Tugun", "slug": "tugun"},
    {"name": "Bilinga", "slug": "bilinga"},
    {"name": "Elanora", "slug": "elanora"},
    {"name": "Tallebudgera", "slug": "tallebudgera"},
    {"name": "West Burleigh", "slug": "west-burleigh"},
    {"name": "Merrimac", "slug": "merrimac"},
    {"name": "Molendinar", "slug": "molendinar"},
    {"name": "Parkwood", "slug": "parkwood"},
    {"name": "Highland Park", "slug": "highland-park"},
    {"name": "Gaven", "slug": "gaven"},
    {"name": "Pacific Pines", "slug": "pacific-pines"},
    {"name": "Oxenford", "slug": "oxenford"},
    {"name": "Upper Coomera", "slug": "upper-coomera"},
    {"name": "Pimpama", "slug": "pimpama"},
    {"name": "Ormeau", "slug": "ormeau"},
    {"name": "Yatala", "slug": "yatala"},
    {"name": "Advancetown", "slug": "advancetown"}
  ]
}
